Bot,Events,Fights,W,L,%,Points,KOs,KOd,Avg Time (s),Last Event,Category,Weapon,Drive
MegatRON,7,31,25,6,0.806,24.01,16,5,128.8,11/11/2023,30lb,Hammersaw,2WD
Emulsifier,6,28,23,5,0.821,22.05,20,0,105.5,11/11/2023,30lb,Vertical Spinner,Tread
Yahoo,8,33,23,10,0.697,14.7,15,5,142.1,11/11/2023,30lb,Drum,4WD
Kablooey Tango,7,24,17,7,0.708,11.93,6,2,151,11/11/2023,30lb,Undercutter,4WD
Litter Box,5,14,11,3,0.786,9.36,11,1,68.4,3/18/2023,30lb,Midcutter,2WD
Red Storm,4,16,11,5,0.688,8.77,4,3,138.8,11/11/2023,30lb,Grappler,4WD
Waddles!,5,20,13,7,0.65,7.35,10,4,96,11/11/2023,30lb,Undercutter,2WD
Vorion,3,11,8,3,0.727,6.15,4,3,127.4,11/11/2023,30lb,Vertical Spinner,2WD
Huge,2,8,6,2,0.75,4.98,6,0,85.3,12/17/2022,30lb,Vertical Spinner,2WD
Squire,3,13,8,5,0.615,4.67,6,3,87.6,11/11/2023,30lb,Vertical Spinner,2WD
Dragon Princess,4,18,11,7,0.611,4.66,3,4,150.6,12/17/2022,30lb,Flamethrower,4WD
Marathon,5,17,9,8,0.529,4.58,8,4,126,12/17/2022,30lb,Drum,2WD
Tryhard,4,14,9,5,0.643,4.56,8,4,86.8,12/17/2022,30lb,Undercutter,2WD
Sombra (30lb),2,9,6,3,0.667,4.2,5,1,116.9,9/30/2023,30lb,Beater,2WD
STF,5,16,9,7,0.563,4.14,6,1,136.4,11/11/2023,30lb,Midcutter,Shuffler
EVA,2,7,5,2,0.714,3.8,3,1,124.1,11/11/2023,30lb,Drum,4WD
Knock Off White,4,13,8,5,0.615,3.16,3,2,151.6,11/11/2023,30lb,Hammer,Shuffler
Phenomenon,8,30,15,15,0.5,2.93,11,11,110.3,11/11/2023,30lb,Vertical Spinner,2WD
Jubileu,2,8,5,3,0.625,2.83,3,2,114.4,11/11/2023,30lb,Midcutter,2WD
Lightside,1,6,4,2,0.667,2.75,3,2,123.8,11/12/2022,30lb,Full Body Spinner,2WD
Chibata,3,9,5,4,0.556,2.12,4,0,137.1,11/11/2023,30lb,Midcutter,2WD
IRE,1,5,3,2,0.6,1.65,1,1,155.6,12/18/2021,30lb,Flipper,4WD
Kitchen Grill,2,7,4,3,0.571,1.5,3,3,108.9,11/11/2023,30lb,Vertical Spinner,4WD
Other Disko,4,12,6,6,0.5,1.21,3,6,101.8,12/17/2022,30lb,Vertical Spinner,2WD
Touro Feather,4,15,7,8,0.467,1.15,7,2,136,11/11/2023,30lb,Drum,2WD
Chonkiii,3,9,5,4,0.556,0.87,5,2,94.6,9/30/2023,30lb,Shell Spinner,Shuffler
SMEH,2,6,3,3,0.5,0.8,3,3,79,12/18/2021,30lb,Vertical Spinner,4WD
Anxieti,2,6,3,3,0.5,0.43,2,2,131,11/11/2023,30lb,Undercutter,2WD
RumHam XXX,2,8,4,4,0.5,-0.02,1,3,143.6,12/18/2021,30lb,Undercutter,2WD
Asa Not Thwacker,1,3,2,1,0.667,-0.59,1,1,146,12/18/2021,30lb,Lifter,4WD
Nautilus,1,4,2,2,0.5,-0.71,1,0,149.3,12/18/2021,30lb,Vertical Spinner,Shuffler
Roadkill,2,7,3,4,0.429,-0.85,3,3,79.3,3/18/2023,30lb,Undercutter,2WD
Specter,1,4,2,2,0.5,-0.89,1,0,149.8,11/12/2022,30lb,Vertical Spinner,4WD
Cueio,1,4,2,2,0.5,-0.92,1,1,138.8,9/30/2023,30lb,Vertical Spinner,2WD
Dakota,1,3,2,1,0.667,-1,0,0,180,11/12/2022,30lb,Beater,2WD
SAKE SCHTROVN,2,4,2,2,0.5,-1.12,2,2,98,9/30/2023,30lb,Lifter,8WD
Agent P.,2,8,3,5,0.375,-1.54,2,5,79.4,11/11/2023,30lb,Vertical Spinner,4WD
This Robot Is Not Overhaul,2,6,2,4,0.333,-1.73,2,1,140.5,12/18/2021,30lb,Lifter,4WD
Hot Shot,2,2,1,1,0.5,-2.23,1,1,102.5,05/06/2023,30lb,Flamethrower,4WD
The Other Robot,1,3,1,2,0.333,-2.5,1,1,130,12/18/2021,30lb,Drum,2WD
Fracas,4,8,3,5,0.375,-2.67,1,4,106.5,11/11/2023,30lb,Grappler,2WD
Cemetery Wind,1,3,1,2,0.333,-2.86,1,2,66.3,5/14/2022,30lb,Overhead,4WD
Crimson Snow,1,3,1,2,0.333,-2.86,1,2,67,5/14/2022,30lb,Beater,4WD
James II,1,3,1,2,0.333,-2.89,1,2,98,11/13/2021,30lb,Vertical Spinner,4WD
Big Cookie,1,2,1,1,0.5,-2.89,1,1,118,1/28/2023,30lb,Full Body Spinner,Bristle Drive
Darth Bot,3,4,1,3,0.25,-2.89,1,3,66.8,9/30/2023,30lb,Full Body Spinner,Shuffler
Option 14,1,3,1,2,0.333,-3,1,2,35.7,12/18/2021,30lb,Beater,2WD
Pendulum,1,1,1,0,1,-3,1,0,47,05/06/2023,30lb,Beater,4WD
Pepe Silvia,1,2,1,1,0.5,-3,0,1,124.5,6/24/2023,30lb,Drum,Shuffler
PanjandruM,1,3,1,2,0.333,-3.1,1,1,110.3,6/24/2023,30lb,Drum,2WD
Juan,1,2,1,1,0.5,-3.11,1,1,49.5,11/13/2021,30lb,Drum,2WD
(Liftoff)²,1,3,1,2,0.333,-3.11,1,2,95.7,11/13/2021,30lb,MeltyBrain,2WD
The Beast,1,3,1,2,0.333,-3.11,0,0,180,11/12/2022,30lb,Vertical Spinner,4WD
Emperor,1,3,1,2,0.333,-3.11,1,1,47,9/30/2023,30lb,Midcutter,Shuffler
Dragon Queen,1,2,1,1,0.5,-3.19,1,0,145.5,9/30/2023,30lb,Flamethrower,4WD
Big Ripto,1,3,1,2,0.333,-3.21,0,2,155.3,02/06/2021,30lb,Vertical Spinner,2WD
DeathPact,2,6,1,5,0.167,-3.39,1,3,131.8,11/11/2023,30lb,Vertical Spinner,4WD
Jade,1,3,1,2,0.333,-3.41,1,2,35,3/26/2022,30lb,Undercutter,2WD
Lil RIP,5,16,6,10,0.375,-3.64,6,8,95.3,11/11/2023,30lb,Vertical Spinner,2WD
Depth Charge,4,11,3,8,0.273,-3.75,0,6,122.2,8/12/2023,30lb,Horizontal Spinner,Bristle Drive
Synthesis 30,5,11,3,8,0.273,-4.05,3,7,77.4,11/11/2023,30lb,Vertical Spinner,2WD
Knockout,1,1,0,1,0,-4.25,0,1,131,12/18/2021,30lb,Beater,4WD
VacaTank,5,9,2,7,0.222,-4.32,1,7,88.3,9/30/2023,30lb,Beater,2WD
Arm Wrestle,1,2,0,2,0,-5,0,2,99,3/20/2021,30lb,Overhead,4WD
Thumb War,2,4,0,4,0,-5,0,4,100.8,05/06/2023,30lb,Overhead,4WD
Twister,2,3,0,3,0,-5,0,1,131,12/18/2021,30lb,Undercutter,2WD
Toolbox,1,2,0,2,0,-5,0,1,93,9/18/2021,30lb,Undercutter,2WD
eVe,1,2,0,2,0,-5,0,2,79,11/13/2021,30lb,Overhead,4WD
Kronk,1,1,0,1,0,-5,0,1,24,11/13/2021,30lb,Drum,2WD
Starfather,2,3,0,3,0,-5,0,2,115.3,4/23/2022,30lb,Hammersaw,2WD
Dark Horse,1,2,0,2,0,-5,0,1,153.5,4/23/2022,30lb,Vertical Spinner,2WD
Butter,1,1,0,1,0,-5,0,1,63,4/23/2022,30lb,Vertical Spinner,2WD
Sunflower of Peace,2,4,0,4,0,-5,0,3,110.8,12/17/2022,30lb,Full Body Spinner,2WD
Sassy Kitty,1,2,0,2,0,-5,0,2,55.5,1/28/2023,30lb,Midcutter,2WD
Spare Parts,3,5,0,5,0,-5,0,5,81.2,9/30/2023,30lb,Horizontal Spinner,4WD
kraTer,1,2,0,2,0,-5,0,1,53,6/24/2023,30lb,Undercutter,2WD
Wicked Wedge XL,1,1,0,1,0,-5,0,1,68,6/24/2023,30lb,Lifter,4WD
30 Below,1,2,0,2,0,-5,0,1,148.5,6/24/2023,30lb,Flipper,4WD
Gucio,1,1,0,1,0,-5,0,1,48,9/30/2023,30lb,Overhead,4WD
Spicy Toucan,1,1,0,1,0,-5,0,1,94,9/30/2023,30lb,Hammer,2WD
Schrek,1,2,0,2,0,-5.11,0,1,151,11/12/2022,30lb,Full Body Spinner,2WD
Captain Caveman,2,4,0,4,0,-5.14,0,2,140.8,12/17/2022,30lb,Full Body Spinner,2WD
Hyperbite XL,1,2,0,2,0,-5.21,0,2,33,7/24/2021,30lb,Vertical Spinner,4WD
Helios,1,1,0,1,0,-5.28,0,1,24,9/17/2022,30lb,Overhead,8WD
Asa Whacker,1,1,0,1,0,-5.29,0,1,85,3/26/2022,30lb,Vertical Spinner,2WD
Rock Bottom,1,2,0,2,0,-5.43,0,2,65,05/06/2023,30lb,Undercutter,2WD
Silent Spring,12,76,64,12,0.842,52.22,36,7,136.8,11/11/2023,3lb,Undercutter,Shuffler
Lynx,9,51,44,7,0.863,37.69,36,5,88.1,9/30/2023,3lb,Beater,4WD
Shreddit Bro,21,112,76,36,0.679,36.83,50,5,132.5,9/30/2023,3lb,Beater,2WD
Polywog,10,60,44,16,0.733,27.57,21,5,144.2,05/06/2023,3lb,Drum,4WD
Eruption,19,71,45,26,0.634,26.32,35,18,90.1,9/30/2023,3lb,Beater,4WD
Caldera,19,86,53,33,0.616,24.07,33,19,117.6,11/11/2023,3lb,Midcutter,2WD
Silent X,9,44,33,11,0.75,23,15,3,142,11/11/2023,3lb,Undercutter,Shuffler
Jet Lag,7,43,31,12,0.721,19.37,15,2,149.1,11/11/2023,3lb,Drum,2WD
Blackbird,15,80,49,31,0.613,18.56,25,11,131.5,11/11/2023,3lb,Beater,2WD
Wasp,7,43,30,13,0.698,18.07,22,6,135.9,12/06/2020,3lb,Drum,2WD
Fully Defined,10,45,30,15,0.667,17.46,18,11,107.7,11/11/2023,3lb,Vertical Spinner,2WD
Crashfest,9,41,29,12,0.707,16.87,8,4,156.5,9/30/2023,3lb,Lifter,2WD
Voxel v.1,10,47,30,17,0.638,16.71,11,11,143.5,11/11/2023,3lb,Beater,2WD
Apex,12,46,28,18,0.609,14.3,19,10,127,9/30/2023,3lb,Beater,2WD
Supreme Ruler,3,15,13,2,0.867,13.91,2,1,170.5,11/11/2023,3lb,Flamethrower,2WD
Project LiftOff,17,65,38,27,0.585,13.41,21,16,135.3,3/18/2023,3lb,MeltyBrain,2WD
Chainsaw Kitty,6,31,22,9,0.71,12.85,19,7,102.4,9/30/2023,3lb,Vertical Spinner,4WD
Mondo Bizarro,13,52,31,21,0.596,12.45,20,12,134.6,05/06/2023,3lb,Beater,2WD
Narsil,7,35,23,12,0.657,11.89,16,5,133.1,12/18/2021,3lb,Midcutter,2WD
Monkfish,2,14,12,2,0.857,11.36,9,1,119,11/11/2023,3lb,Undercutter,Shuffler
Synthesis,7,29,19,10,0.655,11.22,16,7,92.1,11/11/2023,3lb,Vertical Spinner,4WD
Dread Hades,5,32,22,10,0.688,10.8,14,1,125.5,7/16/2022,3lb,Beater,2WD
Spartan,12,51,30,21,0.588,10.56,24,8,122.6,11/11/2023,3lb,Midcutter,2WD
Clyde,7,33,21,12,0.636,10.45,8,5,143.5,11/11/2023,3lb,Flamethrower,2WD
Half-life,6,26,18,8,0.692,10.2,4,1,167.4,9/30/2023,3lb,Lifter,4WD
Sepi01,12,57,33,24,0.579,10.2,24,10,110.5,12/17/2022,3lb,Midcutter,2WD
Squishy,7,33,22,11,0.667,10.04,12,2,165.2,12/06/2020,3lb,Undercutter,2WD
Tiny Huge,5,24,16,8,0.667,9.61,12,6,126.9,1/18/2020,3lb,Vertical Spinner,2WD
Underbit3,7,32,21,11,0.656,9.53,13,8,113.7,6/24/2023,3lb,Vertical Spinner,2WD
BeetleJuice,9,35,22,13,0.629,9.38,17,8,122.1,11/11/2023,3lb,Midcutter,2WD
Kickstart,4,19,14,5,0.737,9.37,7,4,134.9,11/11/2023,3lb,Vertical Spinner,4WD
War? Hard!,8,37,22,15,0.595,9.21,12,6,130.8,9/30/2023,3lb,Beater,4WD
Malice,5,25,17,8,0.68,9.2,12,5,120.8,12/17/2022,3lb,Beater,2WD
Twin Beast,3,18,13,5,0.722,9.12,5,3,123.4,05/06/2023,3lb,Drum,2WD
Vespula,2,16,12,4,0.75,8.79,3,0,170.1,12/18/2021,3lb,Drum,2WD
Adrift,5,27,17,10,0.63,8.75,12,2,123.6,12/17/2022,3lb,Undercutter,2WD
PRAMH3DA,5,21,15,6,0.714,8.71,12,0,109.6,9/30/2023,3lb,Vertical Spinner,4WD
Backlash Wave,8,36,22,14,0.611,8.22,17,9,108.6,8/12/2023,3lb,Vertical Spinner,2WD
Judge's Dream,5,28,18,10,0.643,7.79,9,1,136.1,12/18/2021,3lb,Beater,2WD
Billy,5,23,15,8,0.652,7.67,8,0,155.9,6/24/2023,3lb,Undercutter,2WD
Jack Move,14,58,33,25,0.569,7.65,14,13,139.5,9/30/2023,3lb,Drum,4WD
Dumb Drum,5,20,14,6,0.7,7.46,7,3,135.2,9/30/2023,3lb,Beater,2WD
Shameless Self Promotion,3,15,11,4,0.733,6.35,3,1,176.1,8/12/2023,3lb,Lifter,4WD
Jack Rabbit,13,56,30,26,0.536,5.9,15,13,142.4,7/16/2022,3lb,Vertical Spinner,2WD
Murple,5,26,16,10,0.615,5.86,4,2,160.4,4/23/2022,3lb,Lifter,2WD
Scrambler,3,16,11,5,0.688,5.77,9,4,95.9,11/23/2019,3lb,Beater,2WD
Inside Job,3,14,10,4,0.714,5.66,4,0,161.2,05/06/2023,3lb,Crusher,4WD
Starchild,6,29,17,12,0.586,5.48,9,1,150.4,3/26/2022,3lb,Thwack,2WD
The Greatest Challenge,2,13,9,4,0.692,5.31,5,4,103.9,12/17/2022,3lb,MeltyBrain,2WD
Jack Rabbit FleX,3,13,9,4,0.692,5.15,3,2,149.4,6/24/2023,3lb,Vertical Spinner,2WD
Yes Chef!,6,26,16,10,0.615,5.06,14,4,98.4,9/30/2023,3lb,Beater,2WD
Kitsune,3,13,9,4,0.692,4.9,5,2,149.8,05/06/2023,3lb,Midcutter,2WD
Flip N' Cut,4,16,10,6,0.625,4.85,3,4,150.8,6/24/2023,3lb,MeltyBrain,2WD
Crush,7,21,13,8,0.619,4.84,7,5,107.6,9/30/2023,3lb,Vertical Spinner,4WD
Voxel (3lb),9,38,22,16,0.579,4.74,19,9,95.3,9/17/2022,3lb,Beater,2WD
Shifty,2,11,8,3,0.727,4.73,6,2,93.4,3/18/2023,3lb,Vertical Spinner,Swerve Drive
Brute,3,14,9,5,0.643,4.57,5,4,106.6,8/12/2023,3lb,Undercutter,2WD
Red Panda,3,13,9,4,0.692,4.51,5,4,118.3,9/30/2023,3lb,Vertical Spinner,4WD
NotDeadYet,4,15,10,5,0.667,4.39,7,2,101.1,8/12/2023,3lb,Midcutter,2WD
Wasabi,3,16,10,6,0.625,4.15,3,5,121.2,12/17/2022,3lb,Beater,2WD
Yippee,2,10,7,3,0.7,4.06,4,1,147.3,9/30/2023,3lb,Drum,4WD
Red Hawk,16,67,37,30,0.552,3.94,23,15,111.6,9/30/2023,3lb,Midcutter,2WD
Obsolete Spare Parts,3,10,7,3,0.7,3.93,3,2,118.2,9/30/2023,3lb,Midcutter,2WD
Mixtape,3,13,8,5,0.615,3.7,4,3,130.1,8/12/2023,3lb,Flamethrower,4WD
Kneebiter,6,18,11,7,0.611,3.47,9,2,123.3,9/30/2023,3lb,Drum,2WD
Ratfish,5,19,10,9,0.526,3.39,3,5,150.6,11/11/2023,3lb,Flipper,2WD
Voltage,4,16,10,6,0.625,3.3,8,3,120.4,6/24/2023,3lb,Beater,2WD
Púca,3,11,7,4,0.636,3.19,6,4,95.6,11/11/2023,3lb,Drum,4WD
Komodo,3,14,8,6,0.571,3.04,3,0,157.1,12/17/2022,3lb,Undercutter,2WD
Hurt Caboose,6,27,15,12,0.556,2.88,11,6,120.8,9/30/2023,3lb,Drum,2WD
Pensive Prosciutto,5,16,9,7,0.563,2.75,4,1,132.9,6/24/2023,3lb,Ring Spinner,Shuffler
CAT-tastrophe 2,2,9,6,3,0.667,2.74,3,1,142.8,8/12/2023,3lb,Undercutter,4WD
Djem So,8,21,11,10,0.524,2.69,8,9,86.4,3/26/2022,3lb,Beater,2WD
Ablation,3,14,8,6,0.571,2.67,6,3,121.6,11/12/2022,3lb,Vertical Spinner,4WD
Wumbo,3,12,7,5,0.583,2.63,3,3,147,8/12/2023,3lb,Undercutter,2WD
Cemetery Drive,4,15,9,6,0.6,2.57,3,0,163.4,8/12/2023,3lb,Lifter,2WD
Wicked Wedge,5,20,11,9,0.55,2.56,4,4,145,9/30/2023,3lb,Lifter,4WD
IMPAKT,2,8,6,2,0.75,2.48,5,2,64.4,9/30/2023,3lb,Beater,4WD
EMOTIONAL DREAM,4,17,10,7,0.588,2.43,2,4,153.1,9/30/2023,3lb,Vertical Spinner,4WD
Explosion,2,8,6,2,0.75,2.33,2,1,155.3,12/06/2020,3lb,Undercutter,2WD
Alooco!,2,10,6,4,0.6,2.32,2,2,147.3,05/06/2023,3lb,Beater,2WD
Sombra (3lb),4,18,10,8,0.556,2.06,5,4,115.4,05/06/2023,3lb,Beater,2WD
Liberation,3,9,6,3,0.667,2.04,5,3,99.3,9/30/2023,3lb,Vertical Spinner,4WD
Shreddit X,2,10,6,4,0.6,1.99,4,1,118.1,11/13/2021,3lb,Beater,2WD
Ablation Retro,1,8,6,2,0.75,1.78,2,1,134.5,11/12/2022,3lb,Vertical Spinner,4WD
Count Forkula,3,10,6,4,0.6,1.76,2,1,157.2,9/30/2023,3lb,Lifter,2WD
Stinger,2,9,6,3,0.667,1.75,5,1,104.1,9/18/2021,3lb,Beater,2WD
BOOMBox,3,11,6,5,0.545,1.72,4,3,126.2,8/12/2023,3lb,Beater,4WD
Fallout,7,26,13,13,0.5,1.54,5,7,130.1,8/12/2023,3lb,Lifter,4WD
Patient 0,2,8,6,2,0.75,1.49,3,0,151.6,9/30/2023,3lb,Beater,2WD
IDKWTFID,8,27,13,14,0.481,1.29,4,8,134,11/11/2023,3lb,Vertical Spinner,4WD
Walter,3,10,6,4,0.6,1.14,2,0,163.2,3/18/2023,3lb,Undercutter,2WD
Dark Princess,4,17,9,8,0.529,1.12,7,4,125.4,12/18/2021,3lb,Undercutter,2WD
Unknown Avenger,3,13,7,6,0.538,1.06,2,1,150.4,5/15/2021,3lb,Hammer,4WD
SawMurai,7,27,13,14,0.481,1.03,6,9,133.1,12/18/2021,3lb,Vertical Spinner,2WD
Luma's Weed Whacker,3,13,7,6,0.538,0.94,7,5,92.6,11/12/2022,3lb,Midcutter,2WD
Saiko!,5,26,21,5,0.808,20.45,13,2,123.3,11/11/2023,12lb,Drum,4WD
HotLeafJuice,6,31,24,7,0.774,18.16,14,2,119.7,12/17/2022,12lb,Undercutter,4WD
Ugee,6,29,22,7,0.759,17.62,18,1,104.2,11/11/2023,12lb,Vertical Spinner,2WD
Maximizer,4,17,15,2,0.882,14.5,7,1,132.2,11/11/2023,12lb,Undercutter,2WD
YOB GNOL,7,34,23,11,0.676,13.21,18,8,108.4,6/24/2023,12lb,Beater,4WD
Voxel (12lb),4,14,11,3,0.786,9.92,9,2,109.9,11/11/2023,12lb,Beater,2WD
Pramheda,12,45,26,19,0.578,8.71,20,15,87.8,11/11/2023,12lb,Vertical Spinner,4WD
Touro Jr,4,17,12,5,0.706,8.1,6,0,137.9,11/11/2023,12lb,Drum,2WD
RAM PLAN (Full Combat),2,14,10,4,0.714,7.86,2,2,152.4,12/17/2022,12lb,Lifter,4WD
Full Court,4,16,10,6,0.625,7.63,1,3,162.9,11/11/2023,12lb,Lifter,2WD
Bobby,3,16,11,5,0.688,7.27,9,1,124.8,6/24/2023,12lb,Undercutter,2WD
Disko,6,21,14,7,0.667,7,9,3,115.8,11/11/2023,12lb,Vertical Spinner,2WD
Krunk,6,23,14,9,0.609,6.34,11,6,93.6,11/11/2023,12lb,Vertical Spinner,2WD
Xupa-Cabra,2,9,7,2,0.778,6.19,4,1,128.6,11/11/2023,12lb,Beater,2WD
Carmen,8,26,15,11,0.577,5.66,14,8,95.5,11/11/2023,12lb,Beater,2WD
Timber Viper,4,16,10,6,0.625,5.58,3,2,155.5,11/11/2023,12lb,Grappler,4WD
Torrent,4,18,11,7,0.611,5.38,8,4,119.6,11/11/2023,12lb,Vertical Spinner,4WD
Buzzzz-Kill,7,28,16,12,0.571,4.69,6,9,119.4,11/11/2023,12lb,Undercutter,2WD
Superscope,4,10,7,3,0.7,4.39,6,2,89.2,11/11/2023,12lb,Midcutter,2WD
Chronus,2,10,6,4,0.6,3.31,5,4,72.7,12/17/2022,12lb,Vertical Spinner,2WD
Minor Threat 5,4,15,9,6,0.6,3.12,7,2,102.8,11/11/2023,12lb,Vertical Spinner,4WD
Sombra (12lb),4,11,6,5,0.545,2.45,5,4,105.2,05/06/2023,12lb,Beater,2WD
Cthulhu,5,19,10,9,0.526,2.41,9,3,124.3,11/11/2023,12lb,Midcutter,2WD
Night Crawler,7,25,13,12,0.52,2.36,10,9,101.1,11/11/2023,12lb,Beater,2WD
Black Jack,5,18,9,9,0.5,1.08,4,7,121.4,11/11/2023,12lb,Vertical Spinner,4WD
Torrential,4,11,6,5,0.545,1.04,6,3,89.7,11/11/2023,12lb,Vertical Spinner,4WD
Bottom Feeder,2,9,5,4,0.556,0.98,5,2,89.1,12/17/2022,12lb,Undercutter,4WD
Son of Kram,5,17,8,9,0.471,0.71,7,5,105.1,9/30/2023,12lb,Drum,4WD
Drop Kick,2,8,4,4,0.5,0.55,4,2,116.8,12/17/2022,12lb,Vertical Spinner,2WD
Richard,3,12,6,6,0.5,0.41,3,5,115.8,3/18/2023,12lb,Vertical Spinner,2WD
Yoshimi,3,8,4,4,0.5,0.26,2,4,82.3,11/11/2023,12lb,Midcutter,2WD
Grudge Frog,3,12,6,6,0.5,0.23,4,3,109.1,12/18/2021,12lb,Undercutter,2WD
Rosie,2,6,3,3,0.5,-0.14,2,2,131,05/06/2023,12lb,Undercutter,2WD
Flash-BANG,2,6,3,3,0.5,-0.16,3,1,116.5,6/24/2023,12lb,Drum,2WD
Big-ish,3,13,7,6,0.538,-0.27,4,3,126.5,12/17/2022,12lb,Vertical Spinner,2WD
KillaJoule,6,20,9,11,0.45,-0.35,8,6,108.4,6/24/2023,12lb,Undercutter,2WD
Darkstar,2,6,3,3,0.5,-0.37,2,3,124.2,9/30/2023,12lb,Beater,2WD
Antisocial Distancing,1,4,2,2,0.5,-0.5,2,1,117.8,11/13/2021,12lb,Undercutter,2WD
Amphisbaena,2,5,2,3,0.4,-0.58,2,3,109,9/30/2023,12lb,Drum,4WD
Swagmore,5,13,6,7,0.462,-0.62,5,2,133.1,11/11/2023,12lb,Beater,2WD
Whomper,2,5,2,3,0.4,-0.7,2,1,111.4,9/30/2023,12lb,Midcutter,2WD
Avalanche,3,7,3,4,0.429,-0.74,2,3,104.6,8/12/2023,12lb,Drum,2WD
Fake News,1,3,2,1,0.667,-0.77,1,1,95,6/24/2023,12lb,Vertical Spinner,2WD
Teleport,1,4,2,2,0.5,-0.84,2,1,121.5,4/23/2022,12lb,Vertical Spinner,4WD
Raptor X-22,3,9,4,5,0.444,-0.85,4,5,81.9,9/30/2023,12lb,Beater,2WD
Minun and Plusle,2,4,2,2,0.5,-0.89,2,0,174.3,9/30/2023,12lb,Vertical Spinner,2WD
Craig,2,4,2,2,0.5,-0.9,1,2,93.8,9/30/2023,12lb,Vertical Spinner,2WD
Firebug,1,4,2,2,0.5,-1,0,0,180,3/26/2022,12lb,Flamethrower,2WD
Earl,1,3,2,1,0.667,-1,2,1,75.3,6/24/2023,12lb,Drum,4WD
unreasonable expectations,1,3,2,1,0.667,-1,2,0,124.3,9/30/2023,12lb,Vertical Spinner,4WD
Pancada,1,3,2,1,0.667,-1,1,1,118.7,9/30/2023,12lb,Vertical Spinner,4WD
Minimizer,3,9,4,5,0.444,-1.09,1,4,138,12/17/2022,12lb,Undercutter,2WD
Octane,1,3,2,1,0.667,-1.18,2,0,123.7,05/06/2023,12lb,Drum,2WD
BusyBee,4,12,5,7,0.417,-1.2,2,6,95.8,7/16/2022,12lb,Drum,2WD
Cappuccino,1,3,2,1,0.667,-1.21,2,1,30,11/12/2022,12lb,Vertical Spinner,4WD
Sunset,1,4,2,2,0.5,-1.21,2,2,45,5/15/2021,12lb,Vertical Spinner,2WD
Semtex,2,5,2,3,0.4,-1.29,1,3,86.2,05/06/2023,12lb,Drum,2WD
Swole,2,4,2,2,0.5,-1.3,1,1,140,05/06/2023,12lb,Beater,2WD
Herbie 3,1,3,2,1,0.667,-1.3,0,0,180,3/18/2023,12lb,Beater,4WD
Arsenal,1,3,2,1,0.667,-1.32,2,1,88.7,05/06/2023,12lb,Midcutter,2WD
Kaleidoscope,2,5,2,3,0.4,-1.41,2,1,105.6,11/12/2022,12lb,Vertical Spinner,Shuffler
Drunken Peasant,4,10,4,6,0.4,-1.54,1,4,125.4,9/30/2023,12lb,Beater,2WD
Demogorgon,8,26,12,14,0.462,-1.55,6,13,87.6,05/06/2023,12lb,Undercutter,2WD
Iteration,2,6,2,4,0.333,-1.63,1,3,109.4,05/06/2023,12lb,Beater,2WD
AeroStar,2,6,2,4,0.333,-1.64,1,4,102.3,05/06/2023,12lb,Beater,2WD
HoneyShock,5,17,7,10,0.412,-1.8,4,6,123.1,11/11/2023,12lb,Vertical Spinner,2WD
VOOTWOO,2,6,2,4,0.333,-2,1,3,125.5,8/12/2023,12lb,Vertical Spinner,4WD
Hellfire,2,6,2,4,0.333,-2,2,4,70,12/18/2021,12lb,Vertical Spinner,2WD
Solarplex,2,6,2,4,0.333,-2.07,1,4,75.2,7/16/2022,12lb,Vertical Spinner,4WD
Apricot,1,2,1,1,0.5,-2.09,1,1,140.5,1/28/2023,12lb,Overhead,4WD
Flip-N-Cut_12,3,6,2,4,0.333,-2.11,1,2,111.6,9/30/2023,12lb,MeltyBrain,2WD
Same Same But Different,1,3,1,2,0.333,-2.64,1,2,101,5/14/2022,12lb,Vertical Spinner,4WD
War? Hard! XL,2,5,1,4,0.2,-2.71,1,3,113.2,9/17/2022,12lb,Beater,2WD
Hooligan,4,10,3,7,0.3,-2.82,2,6,114,11/11/2023,12lb,Beater,4WD
The Tactical Toucan,1,3,1,2,0.333,-2.89,1,2,71,6/24/2023,12lb,Grappler,2WD
DeeVee,1,3,1,2,0.333,-2.91,1,0,126,3/18/2023,12lb,Vertical Spinner,2WD
YeeHaw,1,2,1,1,0.5,-2.92,0,0,180,11/12/2022,12lb,Drum,4WD
Widdly Wah,1,3,1,2,0.333,-2.93,0,2,73.8,6/24/2023,12lb,Vertical Spinner,4WD
Ankle Grinder,1,3,1,2,0.333,-3,1,1,118.3,12/18/2021,12lb,Vertical Spinner,2WD
Honker,1,3,1,2,0.333,-3,1,2,102,5/15/2021,12lb,Hammersaw,4WD
Warmachine,1,3,1,2,0.333,-3,1,2,89.7,7/24/2021,12lb,Flamethrower,2WD
The Necromancer,2,5,1,4,0.2,-3,1,2,118.6,12/18/2021,12lb,Drum,2WD
Insubordination,1,3,1,2,0.333,-3,1,2,36.3,3/26/2022,12lb,Vertical Spinner,2WD
Flambé Con Queso,1,3,1,2,0.333,-3,0,1,162.7,3/26/2022,12lb,Flamethrower,4WD
Attrition,1,2,1,1,0.5,-3,1,1,56.5,7/16/2022,12lb,Drum,4WD
Otus,2,5,1,4,0.2,-3,1,2,96,12/17/2022,12lb,Drum,2WD
Tartarus,2,5,1,4,0.2,-3,0,2,131,9/30/2023,12lb,Vertical Spinner,4WD
Spill The Beans,1,2,1,1,0.5,-3,1,1,110.5,1/28/2023,12lb,Midcutter,2WD
Doomedba,1,3,1,2,0.333,-3,1,2,102.5,3/18/2023,12lb,Lifter,2WD
Florence,1,2,1,1,0.5,-3,1,1,139,3/18/2023,12lb,Flail,2WD